World Meteorological Organization Climate Normals for 1991-2020,,,,,,,,,,,,,,,,,
Single Station Data Sheet For All Climatological Surface Parameters,,,,,,,,,,,,,,,,,
,,,,,,,,,,,,,,,,,
Station Header Record,,,,,,,,,,,,,,,,,
,,,,,,,,,,,,,,,,,
Country_Name,IRAN,,,,,,,,,,,,,,,,
Station_Name,Semnan,,,,,,,,,,,,,,,,
,,,,,,,,,,,,,,,,,
WMO_Number,Latitude,Longitude,Station_Height,,,,,,,,,,,,,,
40757,35|35|18|N,53|25|17|E,1127,,,,,,,,,,,,,,
,,,,,,,,,,,,,,,,,
WMO Integrated Global Observing System (WIGOS) Station Identifier (if available),,,,,,,,,,,,,,,,,
0-20000-0-40757,,,,,,,,,,,,,,,,,
,,,,,,,,,,,,,,,,,
,,,,,,,,,,,,,,,,,
Principal Climatological Surface Parameters,,,,,,,,,,,,,,,,,
,,,,,,,,,,,,,,,,,
,,,,,,,,,,,,,,,,,
Parameter_Code,Parameter_Name,Units,,,,,,,,,,,,,,,
1,Precipitation_Total,mm,,,,,,,,,,,,,,,
,,,,,,,,,,,,,,,,,
WMO_Number,Parameter_Code,Calculation_Name,Calculation_Code,January,February,March,April,May,June,July,August,September,October,November,December,Annual,
40757,1,sum,4,15.5,21.2,23.1,19.6,11.9,4.4,3.1,2.2,2.7,6.0,11.7,15.7,137.1,
40757,1,NOY,98,30.0,30.0,30.0,30.0,30.0,30.0,30.0,30.0,30.0,30.0,30.0,30.0,30.0,
,,,,,,,,,,,,,,,,,
,,,,,,,,,,,,,,,,,
,,,,,,,,,,,,,,,,,
Parameter_Code,Parameter_Name,Units,,,,,,,,,,,,,,,
2,Number_of_Days_with_Precipitation_>=_1_mm,count,,,,,,,,,,,,,,,
,,,,,,,,,,,,,,,,,
WMO_Number,Parameter_Code,Calculation_Name,Calculation_Code,January,February,March,April,May,June,July,August,September,October,November,December,Annual,
40757,2,count,5,2.9,3.2,3.5,4.1,2.1,1.0,0.7,0.5,0.5,1.2,2.5,2.8,25.0,
40757,2,NOY,98,30.0,30.0,30.0,30.0,30.0,30.0,30.0,30.0,30.0,30.0,30.0,30.0,30.0,
,,,,,,,,,,,,,,,,,
,,,,,,,,,,,,,,,,,
,,,,,,,,,,,,,,,,,
Parameter_Code,Parameter_Name,Units,,,,,,,,,,,,,,,
3,Daily_Maximum_Temperature,Deg_C,,,,,,,,,,,,,,,
,,,,,,,,,,,,,,,,,
WMO_Number,Parameter_Code,Calculation_Name,Calculation_Code,January,February,March,April,May,June,July,August,September,October,November,December,Annual,
40757,3,Mean,1,9.0,11.9,17.6,24.1,30.0,35.7,38.1,37.0,32.7,25.5,16.5,10.5,24.1,
40757,3,NOY,98,30.0,30.0,30.0,30.0,30.0,30.0,30.0,30.0,30.0,30.0,30.0,30.0,30.0,
,,,,,,,,,,,,,,,,,
,,,,,,,,,,,,,,,,,
,,,,,,,,,,,,,,,,,
Parameter_Code,Parameter_Name,Units,,,,,,,,,,,,,,,
4,Daily_Minimum_Temperature,Deg_C,,,,,,,,,,,,,,,
,,,,,,,,,,,,,,,,,
WMO_Number,Parameter_Code,Calculation_Name,Calculation_Code,January,February,March,April,May,June,July,August,September,October,November,December,Annual,
40757,4,Mean,1,-0.3,1.7,6.4,12.3,17.8,23.2,26.2,24.6,20.2,13.9,6.5,1.3,12.8,
40757,4,NOY,98,30.0,30.0,30.0,30.0,30.0,30.0,30.0,30.0,30.0,30.0,30.0,30.0,30.0,
,,,,,,,,,,,,,,,,,
,,,,,,,,,,,,,,,,,
,,,,,,,,,,,,,,,,,
Parameter_Code,Parameter_Name,Units,,,,,,,,,,,,,,,
5,Daily_Mean_Temperature,Deg_C,,,,,,,,,,,,,,,
,,,,,,,,,,,,,,,,,
WMO_Number,Parameter_Code,Calculation_Name,Calculation_Code,January,February,March,April,May,June,July,August,September,October,November,December,Annual,
40757,5,Mean,1,4.1,6.7,12.0,18.3,24.2,29.7,32.3,30.9,26.5,19.6,11.2,5.6,18.4,
40757,5,NOY,98,30.0,30.0,30.0,30.0,30.0,30.0,30.0,30.0,30.0,30.0,30.0,30.0,30.0,
,,,,,,,,,,,,,,,,,
,,,,,,,,,,,,,,,,,
,,,,,,,,,,,,,,,,,
Parameter_Code,Parameter_Name,Units,,,,,,,,,,,,,,,
6,Mean Sea Level Pressure,hPa,,,,,,,,,,,,,,,
,,,,,,,,,,,,,,,,,
WMO_Number,Parameter_Code,Calculation_Name,Calculation_Code,January,February,March,April,May,June,July,August,September,October,November,December,Annual,
40757,6,Mean,1,1021.1,1017.9,1013.5,1010.1,1006.8,1001.3,999.0,1001.9,1007.1,1014.5,1019.4,1022.5,1011.3,
40757,6,NOY,98,30.0,30.0,30.0,30.0,30.0,30.0,30.0,30.0,30.0,30.0,30.0,30.0,30.0,
,,,,,,,,,,,,,,,,,
,,,,,,,,,,,,,,,,,
,,,,,,,,,,,,,,,,,
Parameter_Code,Parameter_Name,Units,,,,,,,,,,,,,,,
7,Mean_Vapor_Pressure,hPa,,,,,,,,,,,,,,,
,,,,,,,,,,,,,,,,,
WMO_Number,Parameter_Code,Calculation_Name,Calculation_Code,January,February,March,April,May,June,July,August,September,October,November,December,Annual,
40757,7,Mean,1,4.9,5.0,5.6,7.1,8.1,9.2,11.0,10.4,8.7,7.7,6.6,5.6,7.5,
40757,7,NOY,98,30.0,30.0,30.0,30.0,30.0,30.0,30.0,30.0,30.0,30.0,30.0,30.0,30.0,
,,,,,,,,,,,,,,,,,
,,,,,,,,,,,,,,,,,
,,,,,,,,,,,,,,,,,
Parameter_Code,Parameter_Name,Units,,,,,,,,,,,,,,,
8,Total_Number_of_Hours_of_Sunshine,hours,,,,,,,,,,,,,,,
,,,,,,,,,,,,,,,,,
WMO_Number,Parameter_Code,Calculation_Name,Calculation_Code,January,February,March,April,May,June,July,August,September,October,November,December,Annual,
40757,8,Sum,4,188.0,193.0,223.0,245.0,292.0,336.0,338.0,341.0,306.0,266.0,195.0,173.0,3096.0,
40757,8,NOY,98,30.0,30.0,30.0,30.0,30.0,30.0,30.0,30.0,30.0,30.0,30.0,30.0,30.0,
,,,,,,,,,,,,,,,,,
,,,,,,,,,,,,,,,,,
,,,,,,,,,,,,,,,,,
,,,,,,,,,,,,,,,,,
Secondary and Other Climatological Surface Parameters (add as needed),,,,,,,,,,,,,,,,,
,,,,,,,,,,,,,,,,,
,,,,,,,,,,,,,,,,,
Parameter_Code,Parameter_Name,Units,,,,,,,,,,,,,,,
10,Mean_Station-Level_Pressure,hPa,,,,,,,,,,,,,,,
,,,,,,,,,,,,,,,,,
WMO_Number,Parameter_Code,Calculation_Name,Calculation_Code,January,February,March,April,May,June,July,August,September,October,November,December,Annual,
40757,10,Mean,1,890.6,888.9,887.3,887.0,886.4,883.7,882.7,884.7,887.6,891.3,892.3,892.5,887.9,
40757,10,NOY,98,30.0,30.0,30.0,30.0,30.0,30.0,30.0,30.0,30.0,30.0,30.0,30.0,30.0,
,,,,,,,,,,,,,,,,,
,,,,,,,,,,,,,,,,,
,,,,,,,,,,,,,,,,,
Parameter_Code,Parameter_Name,Units,,,,,,,,,,,,,,,
11,Boundaries_of_quintiles_of_monthly_precipitation,mm,,,,,,,,,,,,,,,
,,,,,,,,,,,,,,,,,
WMO_Number,Parameter_Code,Calculation_Name,Calculation_Code,January,February,March,April,May,June,July,August,September,October,November,December,Annual,
40757,11,Q0,6,0.1,0.0,0.0,0.0,0.0,0.0,0.0,0.0,0.0,0.0,0.0,0.0,,
40757,11,Q1,7,5.4,8.7,8.6,6.4,2.0,0.0,0.0,0.0,0.0,0.4,1.9,2.9,,
40757,11,Q2,8,8.2,12.1,13.2,12.6,5.2,0.3,0.0,0.0,0.0,1.1,6.2,7.9,,
40757,11,Q3,9,15.6,18.8,21.1,19.0,11.2,1.1,0.7,0.0,0.5,4.4,10.7,18.4,,
40757,11,Q4,10,25.3,35.2,33.1,31.5,16.3,7.9,1.6,3.2,3.4,9.4,18.6,25.0,,
40757,11,Q5,11,52.3,61.6,87.9,84.6,62.1,47.1,42.7,25.2,35.9,28.1,45.2,58.0,,
40757,11,NOY,98,30.0,30.0,30.0,30.0,30.0,30.0,30.0,30.0,30.0,30.0,30.0,30.0,,
,,,,,,,,,,,,,,,,,
Parameter_Code,Parameter_Name,Units,,,,,,,,,,,,,,,
12,Number_of_Days_with_Maximum_Temperature_>=_25_Deg_C,count,,,,,,,,,,,,,,,
,,,,,,,,,,,,,,,,,
WMO_Number,Parameter_Code,Calculation_Name,Calculation_Code,January,February,March,April,May,June,July,August,September,October,November,December,Annual,
40757,12,count,5,0.0,0.0,1.9,13.3,28.3,30.0,31.0,31.0,29.4,17.9,0.7,0.0,183.5,
40757,12,NOY,98,30.0,30.0,30.0,30.0,30.0,30.0,30.0,30.0,30.0,30.0,30.0,30.0,30.0,
,,,,,,,,,,,,,,,,,
,,,,,,,,,,,,,,,,,
,,,,,,,,,,,,,,,,,
Parameter_Code,Parameter_Name,Units,,,,,,,,,,,,,,,
12,Number_of_Days_with_Maximum_Temperature_>=_30_Deg_C,count,,,,,,,,,,,,,,,
,,,,,,,,,,,,,,,,,
WMO_Number,Parameter_Code,Calculation_Name,Calculation_Code,January,February,March,April,May,June,July,August,September,October,November,December,Annual,
40757,12,count,5,0.0,0.0,0.2,2.7,17.1,28.7,30.7,30.7,24.4,4.8,0.0,0.0,139.3,
40757,12,NOY,98,30.0,30.0,30.0,30.0,30.0,30.0,30.0,30.0,30.0,30.0,30.0,30.0,30.0,
,,,,,,,,,,,,,,,,,
,,,,,,,,,,,,,,,,,
,,,,,,,,,,,,,,,,,
Parameter_Code,Parameter_Name,Units,,,,,,,,,,,,,,,
12,Number_of_Days_with_Maximum_Temperature_>=_35_Deg_C,count,,,,,,,,,,,,,,,
,,,,,,,,,,,,,,,,,
WMO_Number,Parameter_Code,Calculation_Name,Calculation_Code,January,February,March,April,May,June,July,August,September,October,November,December,Annual,
40757,12,count,5,0.0,0.0,0.0,0.1,2.9,19.0,27.9,25.8,7.9,0.0,0.0,0.0,83.6,
40757,12,NOY,98,30.0,30.0,30.0,30.0,30.0,30.0,30.0,30.0,30.0,30.0,30.0,30.0,30.0,
,,,,,,,,,,,,,,,,,
,,,,,,,,,,,,,,,,,
,,,,,,,,,,,,,,,,,
Parameter_Code,Parameter_Name,Units,,,,,,,,,,,,,,,
12,Number_of_Days_with_Maximum_Temperature_>=_40_Deg_C,count,,,,,,,,,,,,,,,
,,,,,,,,,,,,,,,,,
WMO_Number,Parameter_Code,Calculation_Name,Calculation_Code,January,February,March,April,May,June,July,August,September,October,November,December,Annual,
40757,12,count,5,0.0,0.0,0.0,0.0,0.0,1.7,8.6,3.5,0.0,0.0,0.0,0.0,13.8,
40757,12,NOY,98,30.0,30.0,30.0,30.0,30.0,30.0,30.0,30.0,30.0,30.0,30.0,30.0,30.0,
,,,,,,,,,,,,,,,,,
,,,,,,,,,,,,,,,,,
,,,,,,,,,,,,,,,,,
Parameter_Code,Parameter_Name,Units,,,,,,,,,,,,,,,
13,Number_of_Days_with_Minimum_Temperature_<=_0_Deg_C,count,,,,,,,,,,,,,,,
,,,,,,,,,,,,,,,,,
WMO_Number,Parameter_Code,Calculation_Name,Calculation_Code,January,February,March,April,May,June,July,August,September,October,November,December,Annual,
40757,13,count,5,17.4,8.8,2.3,0.0,0.0,0.0,0.0,0.0,0.0,0.0,1.6,10.0,40.1,
40757,13,NOY,98,30.0,30.0,30.0,30.0,30.0,30.0,30.0,30.0,30.0,30.0,30.0,30.0,30.0,
,,,,,,,,,,,,,,,,,
,,,,,,,,,,,,,,,,,
,,,,,,,,,,,,,,,,,
Parameter_Code,Parameter_Name,Units,,,,,,,,,,,,,,,
14,Number_of_Days_with_Maximum_Temperature_<_0_Deg_C,count,,,,,,,,,,,,,,,
,,,,,,,,,,,,,,,,,
WMO_Number,Parameter_Code,Calculation_Name,Calculation_Code,January,February,March,April,May,June,July,August,September,October,November,December,Annual,
40757,14,count,5,0.2,0.0,0.0,0.0,0.0,0.0,0.0,0.0,0.0,0.0,0.1,0.0,0.3,
40757,14,NOY,98,30.0,30.0,30.0,30.0,30.0,30.0,30.0,30.0,30.0,30.0,30.0,30.0,30.0,
,,,,,,,,,,,,,,,,,
,,,,,,,,,,,,,,,,,
,,,,,,,,,,,,,,,,,
Parameter_Code,Parameter_Name,Units,,,,,,,,,,,,,,,
15,Number_of_Days_with_Minimum_Temperature_<_0_Deg_C,count,,,,,,,,,,,,,,,
,,,,,,,,,,,,,,,,,
WMO_Number,Parameter_Code,Calculation_Name,Calculation_Code,January,February,March,April,May,June,July,August,September,October,November,December,Annual,
40757,15,count,5,16.1,8.0,2.1,0.0,0.0,0.0,0.0,0.0,0.0,0.0,1.2,9.1,36.5,
40757,15,NOY,98,30.0,30.0,30.0,30.0,30.0,30.0,30.0,30.0,30.0,30.0,30.0,30.0,30.0,
,,,,,,,,,,,,,,,,,
,,,,,,,,,,,,,,,,,
,,,,,,,,,,,,,,,,,
Parameter_Code,Parameter_Name,Units,,,,,,,,,,,,,,,
16,Number_of_Days_with_Daily_Precipitation_>=_5_mm,count,,,,,,,,,,,,,,,
,,,,,,,,,,,,,,,,,
WMO_Number,Parameter_Code,Calculation_Name,Calculation_Code,January,February,March,April,May,June,July,August,September,October,November,December,Annual,
40757,16,count,5,1.3,1.5,1.7,1.5,0.7,0.3,0.2,0.1,0.2,0.5,0.8,0.9,9.7,
40757,16,NOY,98,30.0,30.0,30.0,30.0,30.0,30.0,30.0,30.0,30.0,30.0,30.0,30.0,30.0,
,,,,,,,,,,,,,,,,,
,,,,,,,,,,,,,,,,,
,,,,,,,,,,,,,,,,,
Parameter_Code,Parameter_Name,Units,,,,,,,,,,,,,,,
16,Number_of_Days_with_Daily_Precipitation_>=_10_mm,count,,,,,,,,,,,,,,,
,,,,,,,,,,,,,,,,,
WMO_Number,Parameter_Code,Calculation_Name,Calculation_Code,January,February,March,April,May,June,July,August,September,October,November,December,Annual,
40757,16,count,5,0.4,0.7,0.8,0.5,0.2,0.1,0.1,0.1,0.1,0.1,0.3,0.4,3.8,
40757,16,NOY,98,30.0,30.0,30.0,30.0,30.0,30.0,30.0,30.0,30.0,30.0,30.0,30.0,30.0,
,,,,,,,,,,,,,,,,,
,,,,,,,,,,,,,,,,,
,,,,,,,,,,,,,,,,,
Parameter_Code,Parameter_Name,Units,,,,,,,,,,,,,,,
16,Number_of_Days_with_Daily_Precipitation_>=_50_mm,count,,,,,,,,,,,,,,,
,,,,,,,,,,,,,,,,,
WMO_Number,Parameter_Code,Calculation_Name,Calculation_Code,January,February,March,April,May,June,July,August,September,October,November,December,Annual,
40757,16,count,5,0.0,0.0,0.0,0.0,0.0,0.0,0.0,0.0,0.0,0.0,0.0,0.0,0.0,
40757,16,NOY,98,30.0,30.0,30.0,30.0,30.0,30.0,30.0,30.0,30.0,30.0,30.0,30.0,30.0,
,,,,,,,,,,,,,,,,,
,,,,,,,,,,,,,,,,,
,,,,,,,,,,,,,,,,,
Parameter_Code,Parameter_Name,Units,,,,,,,,,,,,,,,
16,Number_of_Days_with_Daily_Precipitation_>=_100_mm,count,,,,,,,,,,,,,,,
,,,,,,,,,,,,,,,,,
WMO_Number,Parameter_Code,Calculation_Name,Calculation_Code,January,February,March,April,May,June,July,August,September,October,November,December,Annual,
40757,16,count,5,0.0,0.0,0.0,0.0,0.0,0.0,0.0,0.0,0.0,0.0,0.0,0.0,0.0,
40757,16,NOY,98,30.0,30.0,30.0,30.0,30.0,30.0,30.0,30.0,30.0,30.0,30.0,30.0,30.0,
,,,,,,,,,,,,,,,,,
,,,,,,,,,,,,,,,,,
,,,,,,,,,,,,,,,,,
Parameter_Code,Parameter_Name,Units,,,,,,,,,,,,,,,
16,Number_of_Days_with_Daily_Precipitation_>=_150_mm,count,,,,,,,,,,,,,,,
,,,,,,,,,,,,,,,,,
WMO_Number,Parameter_Code,Calculation_Name,Calculation_Code,January,February,March,April,May,June,July,August,September,October,November,December,Annual,
40757,16,count,5,0.0,0.0,0.0,0.0,0.0,0.0,0.0,0.0,0.0,0.0,0.0,0.0,0.0,
40757,16,NOY,98,30.0,30.0,30.0,30.0,30.0,30.0,30.0,30.0,30.0,30.0,30.0,30.0,30.0,
,,,,,,,,,,,,,,,,,
,,,,,,,,,,,,,,,,,
,,,,,,,,,,,,,,,,,
Parameter_Code,Parameter_Name,Units,,,,,,,,,,,,,,,
17,Number_of_Days_with_Snow_Depth_>_0_cm,count,,,,,,,,,,,,,,,
,,,,,,,,,,,,,,,,,
WMO_Number,Parameter_Code,Calculation_Name,Calculation_Code,January,February,March,April,May,June,July,August,September,October,November,December,Annual,
40757,17,count,5,0.9,0.4,0.1,0.0,0.0,0.0,0.0,0.0,0.0,0.0,0.0,0.3,1.7,
40757,17,NOY,98,30.0,30.0,30.0,30.0,30.0,30.0,30.0,30.0,30.0,30.0,30.0,30.0,30.0,
,,,,,,,,,,,,,,,,,
,,,,,,,,,,,,,,,,,
,,,,,,,,,,,,,,,,,
Parameter_Code,Parameter_Name,Units,,,,,,,,,,,,,,,
17,Number_of_Days_with_Snow_Depth_>_1_cm,count,,,,,,,,,,,,,,,
,,,,,,,,,,,,,,,,,
WMO_Number,Parameter_Code,Calculation_Name,Calculation_Code,January,February,March,April,May,June,July,August,September,October,November,December,Annual,
40757,17,count,5,0.4,0.3,0.1,0.0,0.0,0.0,0.0,0.0,0.0,0.0,0.0,0.1,0.9,
40757,17,NOY,98,30.0,30.0,30.0,30.0,30.0,30.0,30.0,30.0,30.0,30.0,30.0,30.0,30.0,
,,,,,,,,,,,,,,,,,
,,,,,,,,,,,,,,,,,
,,,,,,,,,,,,,,,,,
Parameter_Code,Parameter_Name,Units,,,,,,,,,,,,,,,
17,Number_of_Days_with_Snow_Depth_>_10_cm,count,,,,,,,,,,,,,,,
,,,,,,,,,,,,,,,,,
WMO_Number,Parameter_Code,Calculation_Name,Calculation_Code,January,February,March,April,May,June,July,August,September,October,November,December,Annual,
40757,17,count,5,0.0,0.0,0.0,0.0,0.0,0.0,0.0,0.0,0.0,0.0,0.0,0.1,0.1,
40757,17,NOY,98,30.0,30.0,30.0,30.0,30.0,30.0,30.0,30.0,30.0,30.0,30.0,30.0,30.0,
,,,,,,,,,,,,,,,,,
,,,,,,,,,,,,,,,,,
,,,,,,,,,,,,,,,,,
Parameter_Code,Parameter_Name,Units,,,,,,,,,,,,,,,
17,Number_of_Days_with_Snow_Depth_>_50_cm,count,,,,,,,,,,,,,,,
,,,,,,,,,,,,,,,,,
WMO_Number,Parameter_Code,Calculation_Name,Calculation_Code,January,February,March,April,May,June,July,August,September,October,November,December,Annual,
40757,17,count,5,0.0,0.0,0.0,0.0,0.0,0.0,0.0,0.0,0.0,0.0,0.0,0.0,0.0,
40757,17,NOY,98,30.0,30.0,30.0,30.0,30.0,30.0,30.0,30.0,30.0,30.0,30.0,30.0,30.0,
,,,,,,,,,,,,,,,,,
,,,,,,,,,,,,,,,,,
,,,,,,,,,,,,,,,,,
Parameter_Code,Parameter_Name,Units,,,,,,,,,,,,,,,
19,Number_of_Days_with_Visibility_<_50_m,count,,,,,,,,,,,,,,,
,,,,,,,,,,,,,,,,,
WMO_Number,Parameter_Code,Calculation_Name,Calculation_Code,January,February,March,April,May,June,July,August,September,October,November,December,Annual,
40757,19,count,5,0.0,0.0,0.0,0.0,0.0,0.0,0.0,0.0,0.0,0.0,0.0,0.0,0.0,
40757,19,NOY,98,30.0,30.0,30.0,30.0,30.0,30.0,30.0,30.0,30.0,30.0,30.0,30.0,30.0,
,,,,,,,,,,,,,,,,,
,,,,,,,,,,,,,,,,,
,,,,,,,,,,,,,,,,,
Parameter_Code,Parameter_Name,Units,,,,,,,,,,,,,,,
19,Number_of_Days_with_Visibility_<_100_m,count,,,,,,,,,,,,,,,
,,,,,,,,,,,,,,,,,
WMO_Number,Parameter_Code,Calculation_Name,Calculation_Code,January,February,March,April,May,June,July,August,September,October,November,December,Annual,
40757,19,count,5,0.0,0.0,0.0,0.0,0.0,0.0,0.0,0.0,0.0,0.0,0.0,0.0,0.0,
40757,19,NOY,98,30.0,30.0,30.0,30.0,30.0,30.0,30.0,30.0,30.0,30.0,30.0,30.0,30.0,
,,,,,,,,,,,,,,,,,
,,,,,,,,,,,,,,,,,
,,,,,,,,,,,,,,,,,
Parameter_Code,Parameter_Name,Units,,,,,,,,,,,,,,,
19,Number_of_Days_with_Visibility_<_1000_m,count,,,,,,,,,,,,,,,
,,,,,,,,,,,,,,,,,
WMO_Number,Parameter_Code,Calculation_Name,Calculation_Code,January,February,March,April,May,June,July,August,September,October,November,December,Annual,
40757,19,count,5,0.8,0.4,0.5,0.0,0.0,0.1,0.1,0.1,0.2,0.1,0.3,0.7,3.3,
40757,19,NOY,98,30.0,30.0,30.0,30.0,30.0,30.0,30.0,30.0,30.0,30.0,30.0,30.0,30.0,
,,,,,,,,,,,,,,,,,
,,,,,,,,,,,,,,,,,
,,,,,,,,,,,,,,,,,
Parameter_Code,Parameter_Name,Units,,,,,,,,,,,,,,,
20,Highest_Value_of_Mean_Daily_Temperature,Deg_C,,,,,,,,,,,,,,,
,,,,,,,,,,,,,,,,,
WMO_Number,Parameter_Code,Calculation_Name,Calculation_Code,January,February,March,April,May,June,July,August,September,October,November,December,Annual,
40757,20,MAX,2,12.0,19.2,25.0,28.6,32.3,37.5,37.8,37.8,32.9,27.6,19.9,13.8,37.8,
40757,20,NOY,98,30.0,30.0,30.0,30.0,30.0,30.0,30.0,30.0,30.0,30.0,30.0,30.0,30.0,
,,,,,,,,,,,,,,,,,
,,,,,,,,,,,,,,,,,
,,,,,,,,,,,,,,,,,
Parameter_Code,Parameter_Name,Units,,,,,,,,,,,,,,,
21,Lowest_Value_of_Mean_Daily_Temperature,Deg_C,,,,,,,,,,,,,,,
,,,,,,,,,,,,,,,,,
WMO_Number,Parameter_Code,Calculation_Name,Calculation_Code,January,February,March,April,May,June,July,August,September,October,November,December,Annual,
40757,21,MIN,3,-6.6,-4.0,-0.8,5.8,10.0,19.1,20.9,17.0,16.5,11.0,-5.5,-3.0,-6.6,
40757,21,NOY,98,30.0,30.0,30.0,30.0,30.0,30.0,30.0,30.0,30.0,30.0,30.0,30.0,30.0,
,,,,,,,,,,,,,,,,,
,,,,,,,,,,,,,,,,,
,,,,,,,,,,,,,,,,,
Parameter_Code,Parameter_Name,Units,,,,,,,,,,,,,,,
22,Highest_Value_of_Daily_Maximum_Temperature,Deg_C,,,,,,,,,,,,,,,
,,,,,,,,,,,,,,,,,
WMO_Number,Parameter_Code,Calculation_Name,Calculation_Code,January,February,March,April,May,June,July,August,September,October,November,December,Annual,
40757,22,MAX,2,19.4,26.4,31.0,35.4,38.6,42.6,43.8,43.6,39.6,34.4,27.2,20.2,43.8,
40757,22,NOY,98,30.0,30.0,30.0,30.0,30.0,30.0,30.0,30.0,30.0,30.0,30.0,30.0,30.0,
,,,,,,,,,,,,,,,,,
,,,,,,,,,,,,,,,,,
,,,,,,,,,,,,,,,,,
Parameter_Code,Parameter_Name,Units,,,,,,,,,,,,,,,
23,Lowest_Value_of_Daily_Minimum_Temperature,Deg_C,,,,,,,,,,,,,,,
,,,,,,,,,,,,,,,,,
WMO_Number,Parameter_Code,Calculation_Name,Calculation_Code,January,February,March,April,May,June,July,August,September,October,November,December,Annual,
40757,23,MIN,3,-12.6,-8.8,-5.7,0.2,6.0,10.8,16.8,12.4,9.8,5.6,-9.0,-8.0,-12.6,
40757,23,NOY,98,30.0,30.0,30.0,30.0,30.0,30.0,30.0,30.0,30.0,30.0,30.0,30.0,30.0,
,,,,,,,,,,,,,,,,,
,,,,,,,,,,,,,,,,,
,,,,,,,,,,,,,,,,,
Parameter_Code,Parameter_Name,Units,,,,,,,,,,,,,,,
24,Highest_Value_of_Daily_Precipitation,mm,,,,,,,,,,,,,,,
,,,,,,,,,,,,,,,,,
WMO_Number,Parameter_Code,Calculation_Name,Calculation_Code,January,February,March,April,May,June,July,August,September,October,November,December,Annual,
40757,24,MAX,2,17.0,39.0,30.0,36.2,33.0,11.0,21.1,11.1,19.0,19.0,25.0,34.0,39.0,
40757,24,NOY,98,30.0,30.0,30.0,30.0,30.0,30.0,30.0,30.0,30.0,30.0,30.0,30.0,30.0,
,,,,,,,,,,,,,,,,,
,,,,,,,,,,,,,,,,,
,,,,,,,,,,,,,,,,,
Parameter_Code,Parameter_Name,Units,,,,,,,,,,,,,,,
26,Mean_Number_of_Days_with_Thunder,count,,,,,,,,,,,,,,,
,,,,,,,,,,,,,,,,,
WMO_Number,Parameter_Code,Calculation_Name,Calculation_Code,January,February,March,April,May,June,July,August,September,October,November,December,Annual,
40757,26,Count,5,0.0,0.2,0.5,1.3,1.7,0.7,0.5,0.5,0.6,0.5,0.2,0.1,6.8,
40757,26,NOY,98,30.0,30.0,30.0,30.0,30.0,30.0,30.0,30.0,30.0,30.0,30.0,30.0,30.0,
,,,,,,,,,,,,,,,,,
,,,,,,,,,,,,,,,,,
,,,,,,,,,,,,,,,,,
Parameter_Code,Parameter_Name,Units,,,,,,,,,,,,,,,
27,Mean_Number_of_Days_with_Hail,count,,,,,,,,,,,,,,,
,,,,,,,,,,,,,,,,,
WMO_Number,Parameter_Code,Calculation_Name,Calculation_Code,January,February,March,April,May,June,July,August,September,October,November,December,Annual,
40757,27,Count,5,0.1,0.1,0.0,0.2,0.1,0.0,0.0,0.0,0.0,0.0,0.1,0.1,0.7,
40757,27,NOY,98,30.0,30.0,30.0,30.0,30.0,30.0,30.0,30.0,30.0,30.0,30.0,30.0,30.0,
,,,,,,,,,,,,,,,,,
,,,,,,,,,,,,,,,,,
,,,,,,,,,,,,,,,,,
,,,,,,,,,,,,,,,,,
Other climatological surface parameters from WMO-No. 1203 (p.5),,,,,,,,,,,,,,,,,
,,,,,,,,,,,,,,,,,
,,,,,,,,,,,,,,,,,
Parameter_Code,Parameter_Name,Units,,,,,,,,,,,,,,,
30,Cloud_Amount,okta,,,,,,,,,,,,,,,
,,,,,,,,,,,,,,,,,
WMO_Number,Parameter_Code,Calculation_Name,Calculation_Code,January,February,March,April,May,June,July,August,September,October,November,December,Annual,
40757,30,Mean,1,3.0,3.0,3.0,3.0,3.0,1.0,1.0,1.0,1.0,2.0,3.0,3.0,2.0,
40757,30,NOY,98,30.0,30.0,30.0,30.0,30.0,30.0,30.0,30.0,30.0,30.0,30.0,30.0,30.0,
,,,,,,,,,,,,,,,,,
,,,,,,,,,,,,,,,,,
,,,,,,,,,,,,,,,,,
Parameter_Code,Parameter_Name,Units,,,,,,,,,,,,,,,
34,Wind_Speed,m/sec,,,,,,,,,,,,,,,
,,,,,,,,,,,,,,,,,
WMO_Number,Parameter_Code,Calculation_Name,Calculation_Code,January,February,March,April,May,June,July,August,September,October,November,December,Annual,
40757,34,Mean,1,1.1,1.6,2.0,2.4,2.6,2.9,2.8,2.3,2.1,1.7,1.3,1.0,2.0,
40757,34,NOY,98,30.0,30.0,30.0,30.0,30.0,30.0,30.0,30.0,30.0,30.0,30.0,30.0,30.0,
,,,,,,,,,,,,,,,,,
,,,,,,,,,,,,,,,,,
,,,,,,,,,,,,,,,,,
Parameter_Code,Parameter_Name,Units,,,,,,,,,,,,,,,
36,Soil_Temperature,Deg_C,,,,,,,,,,,,,,,
,,,,,,,,,,,,,,,,,
WMO_Number,Parameter_Code,Calculation_Name,Calculation_Code,January,February,March,April,May,June,July,August,September,October,November,December,Annual,
40757,36,Mean,1,-2.1,-0.4,4.1,9.9,15.1,20.5,23.7,21.9,17.5,11.2,4.3,-0.8,10.4,
40757,36,NOY,98,30.0,29.0,29.0,30.0,30.0,30.0,30.0,30.0,30.0,30.0,30.0,30.0,28.0,
,,,,,,,,,,,,,,,,,
,,,,,,,,,,,,,,,,,
,,,,,,,,,,,,,,,,,
Parameter_Code,Parameter_Name,Units,,,,,,,,,,,,,,,
38,Relative_Humidity,%,,,,,,,,,,,,,,,
,,,,,,,,,,,,,,,,,
WMO_Number,Parameter_Code,Calculation_Name,Calculation_Code,January,February,March,April,May,June,July,August,September,October,November,December,Annual,
40757,38,Mean,1,60.0,52.0,42.0,36.0,28.0,23.0,24.0,24.0,26.0,35.0,50.0,62.0,38.5,
40757,38,NOY,98,30.0,30.0,30.0,30.0,30.0,30.0,30.0,30.0,30.0,30.0,30.0,30.0,30.0,
,,,,,,,,,,,,,,,,,
,,,,,,,,,,,,,,,,,
,,,,,,,,,,,,,,,,,
Parameter_Code,Parameter_Name,Units,,,,,,,,,,,,,,,
39,Dewpoint_Temperature,Deg_C,,,,,,,,,,,,,,,
,,,,,,,,,,,,,,,,,
WMO_Number,Parameter_Code,Calculation_Name,Calculation_Code,January,February,March,April,May,June,July,August,September,October,November,December,Annual,
40757,39,Mean,1,-3.5,-3.5,-2.1,1.3,3.3,5.1,7.8,6.8,4.1,2.5,0.2,-1.7,1.7,
40757,39,NOY,98,30.0,30.0,30.0,30.0,30.0,30.0,30.0,30.0,30.0,30.0,30.0,30.0,30.0,
,,,,,,,,,,,,,,,,,
,,,,,,,,,,,,,,,,,
,,,,,,,,,,,,,,,,,
Parameter_Code,Parameter_Name,Units,,,,,,,,,,,,,,,
42,Calm_Winds,hours,,,,,,,,,,,,,,,
,,,,,,,,,,,,,,,,,
WMO_Number,Parameter_Code,Calculation_Name,Calculation_Code,January,February,March,April,May,June,July,August,September,October,November,December,Annual,
40757,42,Sum,4,129.0,101.0,96.0,81.3,78.9,73.5,74.3,86.9,86.8,104.0,110.6,128.1,1150.4,
40757,42,NOY,98,29.0,29.0,29.0,29.0,29.0,29.0,29.0,29.0,29.0,29.0,29.0,29.0,29.0,
,,,,,,,,,,,,,,,,,
,,,,,,,,,,,,,,,,,
,,,,,,,,,,,,,,,,,
Parameter_Code,Parameter_Name,Units,,,,,,,,,,,,,,,
43,Number_Days_with_Sandstorm/Thick Dust/Haze,count,,,,,,,,,,,,,,,
,,,,,,,,,,,,,,,,,
WMO_Number,Parameter_Code,Calculation_Name,Calculation_Code,January,February,March,April,May,June,July,August,September,October,November,December,Annual,
40757,43,Count,5,1.6,1.1,1.0,1.3,1.3,0.5,0.3,0.1,0.3,0.6,1.2,2.4,11.7,
40757,43,NOY,98,30.0,30.0,30.0,30.0,30.0,30.0,30.0,30.0,30.0,30.0,30.0,30.0,30.0,
,,,,,,,,,,,,,,,,,
,,,,,,,,,,,,,,,,,
,,,,,,,,,,,,,,,,,
Parameter_Code,Parameter_Name,Units,,,,,,,,,,,,,,,
44,Number_Days_with_Measurable_Bright_Sunshine,count,,,,,,,,,,,,,,,
,,,,,,,,,,,,,,,,,
WMO_Number,Parameter_Code,Calculation_Name,Calculation_Code,January,February,March,April,May,June,July,August,September,October,November,December,Annual,
40757,44,count,5,28.5,27.0,29.6,29.4,30.9,30.0,30.9,31.0,29.9,30.8,28.1,28.3,354.4,
40757,44,NOY,98,30.0,30.0,30.0,30.0,30.0,30.0,30.0,30.0,30.0,30.0,30.0,30.0,30.0,
,,,,,,,,,,,,,,,,,
,,,,,,,,,,,,,,,,,
,,,,,,,,,,,,,,,,,
Parameter_Code,Parameter_Name,Units,,,,,,,,,,,,,,,
45,Number_Days_with_Lightning,count,,,,,,,,,,,,,,,
,,,,,,,,,,,,,,,,,
WMO_Number,Parameter_Code,Calculation_Name,Calculation_Code,January,February,March,April,May,June,July,August,September,October,November,December,Annual,
40757,45,Count,5,0.0,0.0,0.1,0.1,0.5,0.1,0.1,0.0,0.1,0.2,0.1,0.0,1.3,
40757,45,NOY,98,30.0,30.0,30.0,30.0,30.0,30.0,30.0,30.0,30.0,30.0,30.0,30.0,30.0,
,,,,,,,,,,,,,,,,,
,,,,,,,,,,,,,,,,,
,,,,,,,,,,,,,,,,,
Parameter_Code,Parameter_Name,Units,,,,,,,,,,,,,,,
46,Number_Days_with_Rain_Showers,count,,,,,,,,,,,,,,,
,,,,,,,,,,,,,,,,,
WMO_Number,Parameter_Code,Calculation_Name,Calculation_Code,January,February,March,April,May,June,July,August,September,October,November,December,Annual,
40757,46,Count,5,0.6,1.0,2.3,3.0,2.2,1.1,0.9,0.6,0.5,1.3,0.9,0.8,15.2,
40757,46,NOY,98,30.0,30.0,30.0,30.0,30.0,30.0,30.0,30.0,30.0,30.0,30.0,30.0,30.0,
,,,,,,,,,,,,,,,,,
,,,,,,,,,,,,,,,,,
,,,,,,,,,,,,,,,,,
Parameter_Code,Parameter_Name,Units,,,,,,,,,,,,,,,
47,Number_Days_with_Snowfall,count,,,,,,,,,,,,,,,
,,,,,,,,,,,,,,,,,
WMO_Number,Parameter_Code,Calculation_Name,Calculation_Code,January,February,March,April,May,June,July,August,September,October,November,December,Annual,
40757,47,Count,5,1.5,1.2,0.5,0.4,0.6,0.4,0.2,0.1,0.1,0.2,0.1,0.6,5.9,
40757,47,NOY,98,30.0,30.0,30.0,30.0,30.0,30.0,30.0,30.0,30.0,30.0,30.0,30.0,30.0,
,,,,,,,,,,,,,,,,,
,,,,,,,,,,,,,,,,,
,,,,,,,,,,,,,,,,,
Parameter_Code,Parameter_Name,Units,,,,,,,,,,,,,,,
48,Number_Days_with_Fog/Ice_Fog,count,,,,,,,,,,,,,,,
,,,,,,,,,,,,,,,,,
WMO_Number,Parameter_Code,Calculation_Name,Calculation_Code,January,February,March,April,May,June,July,August,September,October,November,December,Annual,
40757,48,Count,5,0.8,0.3,0.4,0.0,0.0,0.0,0.0,0.0,0.0,0.0,0.2,0.7,2.4,
40757,48,NOY,98,30.0,30.0,30.0,30.0,30.0,30.0,30.0,30.0,30.0,30.0,30.0,30.0,30.0,
,,,,,,,,,,,,,,,,,
,,,,,,,,,,,,,,,,,
,,,,,,,,,,,,,,,,,
Parameter_Code,Parameter_Name,Units,,,,,,,,,,,,,,,
49,Number_Days_with_Fog_Sky_Obscured,count,,,,,,,,,,,,,,,
,,,,,,,,,,,,,,,,,
WMO_Number,Parameter_Code,Calculation_Name,Calculation_Code,January,February,March,April,May,June,July,August,September,October,November,December,Annual,
40757,49,Count,5,0.2,0.2,0.1,0.0,0.0,0.0,0.0,0.0,0.0,0.0,0.1,0.1,0.7,
40757,49,NOY,98,30.0,30.0,30.0,30.0,30.0,30.0,30.0,30.0,30.0,30.0,30.0,30.0,30.0,
,,,,,,,,,,,,,,,,,
,,,,,,,,,,,,,,,,,
,,,,,,,,,,,,,,,,,
Parameter_Code,Parameter_Name,Units,,,,,,,,,,,,,,,
50,Number_Days_with_Fog_Sky_Unobscured,count,,,,,,,,,,,,,,,
,,,,,,,,,,,,,,,,,
WMO_Number,Parameter_Code,Calculation_Name,Calculation_Code,January,February,March,April,May,June,July,August,September,October,November,December,Annual,
40757,50,Count,5,0.6,0.2,0.3,0.0,0.0,0.0,0.0,0.0,0.0,0.0,0.2,0.4,1.7,
40757,50,NOY,98,30.0,30.0,30.0,30.0,30.0,30.0,30.0,30.0,30.0,30.0,30.0,30.0,30.0,
,,,,,,,,,,,,,,,,,
,,,,,,,,,,,,,,,,,
,,,,,,,,,,,,,,,,,
Parameter_Code,Parameter_Name,Units,,,,,,,,,,,,,,,
51,Number_Days_with_Haze/Smoke,count,,,,,,,,,,,,,,,
,,,,,,,,,,,,,,,,,
WMO_Number,Parameter_Code,Calculation_Name,Calculation_Code,January,February,March,April,May,June,July,August,September,October,November,December,Annual,
40757,51,Count,5,1.6,1.0,0.5,0.6,0.7,0.1,0.1,0.0,0.1,0.4,1.1,2.4,8.6,
40757,51,NOY,98,30.0,30.0,30.0,30.0,30.0,30.0,30.0,30.0,30.0,30.0,30.0,30.0,30.0,
,,,,,,,,,,,,,,,,,
,,,,,,,,,,,,,,,,,
,,,,,,,,,,,,,,,,,
Parameter_Code,Parameter_Name,Units,,,,,,,,,,,,,,,
52,Number_Days_with_Dust,count,,,,,,,,,,,,,,,
,,,,,,,,,,,,,,,,,
WMO_Number,Parameter_Code,Calculation_Name,Calculation_Code,January,February,March,April,May,June,July,August,September,October,November,December,Annual,
40757,52,Count,5,0.0,0.1,0.6,0.7,0.7,0.4,0.2,0.1,0.2,0.2,0.1,0.0,3.3,
40757,52,NOY,98,30.0,30.0,30.0,30.0,30.0,30.0,30.0,30.0,30.0,30.0,30.0,30.0,30.0,
,,,,,,,,,,,,,,,,,
,,,,,,,,,,,,,,,,,
,,,,,,,,,,,,,,,,,
Parameter_Code,Parameter_Name,Units,,,,,,,,,,,,,,,
53,Number_Days_with_Blowing_Dust/Sand,count,,,,,,,,,,,,,,,
,,,,,,,,,,,,,,,,,
WMO_Number,Parameter_Code,Calculation_Name,Calculation_Code,January,February,March,April,May,June,July,August,September,October,November,December,Annual,
40757,53,Count,5,0.0,0.1,0.6,0.7,0.7,0.4,0.2,0.1,0.2,0.2,0.1,0.0,3.3,
40757,53,NOY,98,30.0,30.0,30.0,30.0,30.0,30.0,30.0,30.0,30.0,30.0,30.0,30.0,30.0,
,,,,,,,,,,,,,,,,,
,,,,,,,,,,,,,,,,,
,,,,,,,,,,,,,,,,,
Parameter_Code,Parameter_Name,Units,,,,,,,,,,,,,,,
55,Number_Days_with_No_Sunshine,count,,,,,,,,,,,,,,,
,,,,,,,,,,,,,,,,,
WMO_Number,Parameter_Code,Calculation_Name,Calculation_Code,January,February,March,April,May,June,July,August,September,October,November,December,Annual,
40757,55,count,5,2.5,1.3,1.4,0.6,0.1,0.0,0.1,0.0,0.1,0.2,1.9,2.6,10.8,
40757,55,NOY,98,30.0,30.0,30.0,30.0,30.0,30.0,30.0,30.0,30.0,30.0,30.0,30.0,30.0,
,,,,,,,,,,,,,,,,,
,,,,,,,,,,,,,,,,,
,,,,,,,,,,,,,,,,,
Parameter_Code,Parameter_Name,Units,,,,,,,,,,,,,,,
61,Number_Days_Maximum_Temperature_<=_25_Deg_C,count,,,,,,,,,,,,,,,
,,,,,,,,,,,,,,,,,
WMO_Number,Parameter_Code,Calculation_Name,Calculation_Code,January,February,March,April,May,June,July,August,September,October,November,December,Annual,
40757,61,count,5,31.0,28.2,29.5,17.4,3.0,0.0,0.0,0.0,0.7,14.1,29.6,31.0,184.5,
40757,61,NOY,98,30.0,30.0,30.0,30.0,30.0,30.0,30.0,30.0,30.0,30.0,30.0,30.0,30.0,
,,,,,,,,,,,,,,,,,
,,,,,,,,,,,,,,,,,
,,,,,,,,,,,,,,,,,
Parameter_Code,Parameter_Name,Units,,,,,,,,,,,,,,,
61,Number_Days_Maximum_Temperature_<=_30_Deg_C,count,,,,,,,,,,,,,,,
,,,,,,,,,,,,,,,,,
WMO_Number,Parameter_Code,Calculation_Name,Calculation_Code,January,February,March,April,May,June,July,August,September,October,November,December,Annual,
40757,61,count,5,31.0,28.2,30.8,27.7,15.1,1.5,0.3,0.3,6.0,26.9,30.0,31.0,228.8,
40757,61,NOY,98,30.0,30.0,30.0,30.0,30.0,30.0,30.0,30.0,30.0,30.0,30.0,30.0,30.0,
,,,,,,,,,,,,,,,,,
,,,,,,,,,,,,,,,,,
,,,,,,,,,,,,,,,,,
Parameter_Code,Parameter_Name,Units,,,,,,,,,,,,,,,
61,Number_Days_Maximum_Temperature_<=_35_Deg_C,count,,,,,,,,,,,,,,,
,,,,,,,,,,,,,,,,,
WMO_Number,Parameter_Code,Calculation_Name,Calculation_Code,January,February,March,April,May,June,July,August,September,October,November,December,Annual,
40757,61,count,5,31.0,28.2,31.0,30.0,28.5,11.9,3.7,6.1,23.3,31.0,30.0,31.0,285.7,
40757,61,NOY,98,30.0,30.0,30.0,30.0,30.0,30.0,30.0,30.0,30.0,30.0,30.0,30.0,30.0,
,,,,,,,,,,,,,,,,,
,,,,,,,,,,,,,,,,,
,,,,,,,,,,,,,,,,,
Parameter_Code,Parameter_Name,Units,,,,,,,,,,,,,,,
61,Number_Days_Maximum_Temperature_<=_40_Deg_C,count,,,,,,,,,,,,,,,
,,,,,,,,,,,,,,,,,
WMO_Number,Parameter_Code,Calculation_Name,Calculation_Code,January,February,March,April,May,June,July,August,September,October,November,December,Annual,
40757,61,count,5,31.0,28.2,31.0,30.0,31.0,28.7,23.6,28.2,30.0,31.0,30.0,31.0,353.7,
40757,61,NOY,98,30.0,30.0,30.0,30.0,30.0,30.0,30.0,30.0,30.0,30.0,30.0,30.0,30.0,
,,,,,,,,,,,,,,,,,
,,,,,,,,,,,,,,,,,
,,,,,,,,,,,,,,,,,
Parameter_Code,Parameter_Name,Units,,,,,,,,,,,,,,,
62,Number_Days_Minimum_Temperature_>=_0_Deg_C,count,,,,,,,,,,,,,,,
,,,,,,,,,,,,,,,,,
WMO_Number,Parameter_Code,Calculation_Name,Calculation_Code,January,February,March,April,May,June,July,August,September,October,November,December,Annual,
40757,62,count,5,14.9,20.3,28.9,30.0,31.0,30.0,31.0,31.0,30.0,31.0,28.8,21.9,328.8,
40757,62,NOY,98,30.0,30.0,30.0,30.0,30.0,30.0,30.0,30.0,30.0,30.0,30.0,30.0,30.0,
,,,,,,,,,,,,,,,,,
,,,,,,,,,,,,,,,,,
,,,,,,,,,,,,,,,,,
Parameter_Code,Parameter_Name,Units,,,,,,,,,,,,,,,
63,Number_Days_with_Dust/Haze/Mist,count,,,,,,,,,,,,,,,
,,,,,,,,,,,,,,,,,
WMO_Number,Parameter_Code,Calculation_Name,Calculation_Code,January,February,March,April,May,June,July,August,September,October,November,December,Annual,
40757,63,Count,5,2.8,1.6,1.4,1.3,1.3,0.5,0.3,0.1,0.3,0.7,2.3,4.9,17.5,
40757,63,NOY,98,30.0,30.0,30.0,30.0,30.0,30.0,30.0,30.0,30.0,30.0,30.0,30.0,30.0,
,,,,,,,,,,,,,,,,,
,,,,,,,,,,,,,,,,,
,,,,,,,,,,,,,,,,,
Parameter_Code,Parameter_Name,Units,,,,,,,,,,,,,,,
64,Number_Days_Maximum_Temperature_>_25_Deg_C,count,,,,,,,,,,,,,,,
,,,,,,,,,,,,,,,,,
WMO_Number,Parameter_Code,Calculation_Name,Calculation_Code,January,February,March,April,May,June,July,August,September,October,November,December,Annual,
40757,64,count,5,0.0,0.0,1.5,12.6,28.0,30.0,31.0,31.0,29.3,16.9,0.4,0.0,180.7,
40757,64,NOY,98,30.0,30.0,30.0,30.0,30.0,30.0,30.0,30.0,30.0,30.0,30.0,30.0,30.0,
,,,,,,,,,,,,,,,,,
,,,,,,,,,,,,,,,,,
,,,,,,,,,,,,,,,,,
Parameter_Code,Parameter_Name,Units,,,,,,,,,,,,,,,
64,Number_Days_Maximum_Temperature_>_30_Deg_C,count,,,,,,,,,,,,,,,
,,,,,,,,,,,,,,,,,
WMO_Number,Parameter_Code,Calculation_Name,Calculation_Code,January,February,March,April,May,June,July,August,September,October,November,December,Annual,
40757,64,count,5,0.0,0.0,0.2,2.3,15.9,28.5,30.7,30.7,24.0,4.1,0.0,0.0,136.4,
40757,64,NOY,98,30.0,30.0,30.0,30.0,30.0,30.0,30.0,30.0,30.0,30.0,30.0,30.0,30.0,
,,,,,,,,,,,,,,,,,
,,,,,,,,,,,,,,,,,
,,,,,,,,,,,,,,,,,
Parameter_Code,Parameter_Name,Units,,,,,,,,,,,,,,,
64,Number_Days_Maximum_Temperature_>_35_Deg_C,count,,,,,,,,,,,,,,,
,,,,,,,,,,,,,,,,,
WMO_Number,Parameter_Code,Calculation_Name,Calculation_Code,January,February,March,April,May,June,July,August,September,October,November,December,Annual,
40757,64,count,5,0.0,0.0,0.0,0.0,2.5,18.1,27.3,24.9,6.7,0.0,0.0,0.0,79.5,
40757,64,NOY,98,30.0,30.0,30.0,30.0,30.0,30.0,30.0,30.0,30.0,30.0,30.0,30.0,30.0,
,,,,,,,,,,,,,,,,,
,,,,,,,,,,,,,,,,,
,,,,,,,,,,,,,,,,,
Parameter_Code,Parameter_Name,Units,,,,,,,,,,,,,,,
64,Number_Days_Maximum_Temperature_>_40_Deg_C,count,,,,,,,,,,,,,,,
,,,,,,,,,,,,,,,,,
WMO_Number,Parameter_Code,Calculation_Name,Calculation_Code,January,February,March,April,May,June,July,August,September,October,November,December,Annual,
40757,64,count,5,0.0,0.0,0.0,0.0,0.0,1.3,7.4,2.8,0.0,0.0,0.0,0.0,11.5,
40757,64,NOY,98,30.0,30.0,30.0,30.0,30.0,30.0,30.0,30.0,30.0,30.0,30.0,30.0,30.0,
,,,,,,,,,,,,,,,,,
,,,,,,,,,,,,,,,,,
,,,,,,,,,,,,,,,,,
Parameter_Code,Parameter_Name,Units,,,,,,,,,,,,,,,
65,Number_Days_Maximum_Temperature_<_25_Deg_C,count,,,,,,,,,,,,,,,
,,,,,,,,,,,,,,,,,
WMO_Number,Parameter_Code,Calculation_Name,Calculation_Code,January,February,March,April,May,June,July,August,September,October,November,December,Annual,
40757,65,count,5,31.0,28.2,29.1,16.7,2.7,0.0,0.0,0.0,0.6,13.1,29.3,31.0,181.7,
40757,65,NOY,98,30.0,30.0,30.0,30.0,30.0,30.0,30.0,30.0,30.0,30.0,30.0,30.0,30.0,
,,,,,,,,,,,,,,,,,
,,,,,,,,,,,,,,,,,
,,,,,,,,,,,,,,,,,
Parameter_Code,Parameter_Name,Units,,,,,,,,,,,,,,,
65,Number_Days_Maximum_Temperature_<_30_Deg_C,count,,,,,,,,,,,,,,,
,,,,,,,,,,,,,,,,,
WMO_Number,Parameter_Code,Calculation_Name,Calculation_Code,January,February,March,April,May,June,July,August,September,October,November,December,Annual,
40757,65,count,5,31.0,28.2,30.8,27.3,13.9,1.3,0.3,0.3,5.6,26.2,30.0,31.0,225.9,
40757,65,NOY,98,30.0,30.0,30.0,30.0,30.0,30.0,30.0,30.0,30.0,30.0,30.0,30.0,30.0,
,,,,,,,,,,,,,,,,,
,,,,,,,,,,,,,,,,,
,,,,,,,,,,,,,,,,,
Parameter_Code,Parameter_Name,Units,,,,,,,,,,,,,,,
65,Number_Days_Maximum_Temperature_<_35_Deg_C,count,,,,,,,,,,,,,,,
,,,,,,,,,,,,,,,,,
WMO_Number,Parameter_Code,Calculation_Name,Calculation_Code,January,February,March,April,May,June,July,August,September,October,November,December,Annual,
40757,65,count,5,31.0,28.2,31.0,29.9,28.1,11.0,3.1,5.2,22.1,31.0,30.0,31.0,281.6,
40757,65,NOY,98,30.0,30.0,30.0,30.0,30.0,30.0,30.0,30.0,30.0,30.0,30.0,30.0,30.0,
,,,,,,,,,,,,,,,,,
,,,,,,,,,,,,,,,,,
,,,,,,,,,,,,,,,,,
Parameter_Code,Parameter_Name,Units,,,,,,,,,,,,,,,
65,Number_Days_Maximum_Temperature_<_40_Deg_C,count,,,,,,,,,,,,,,,
,,,,,,,,,,,,,,,,,
WMO_Number,Parameter_Code,Calculation_Name,Calculation_Code,January,February,March,April,May,June,July,August,September,October,November,December,Annual,
40757,65,count,5,31.0,28.2,31.0,30.0,31.0,28.3,22.4,27.5,30.0,31.0,30.0,31.0,351.4,
40757,65,NOY,98,30.0,30.0,30.0,30.0,30.0,30.0,30.0,30.0,30.0,30.0,30.0,30.0,30.0,
,,,,,,,,,,,,,,,,,
,,,,,,,,,,,,,,,,,
,,,,,,,,,,,,,,,,,
Parameter_Code,Parameter_Name,Units,,,,,,,,,,,,,,,
66,Number_Days_Minimum_Temperature_>_0_Deg_C,count,,,,,,,,,,,,,,,
,,,,,,,,,,,,,,,,,
WMO_Number,Parameter_Code,Calculation_Name,Calculation_Code,January,February,March,April,May,June,July,August,September,October,November,December,Annual,
40757,66,count,5,13.6,19.4,28.7,30.0,31.0,30.0,31.0,31.0,30.0,31.0,28.4,21.0,325.1,
40757,66,NOY,98,30.0,30.0,30.0,30.0,30.0,30.0,30.0,30.0,30.0,30.0,30.0,30.0,30.0,
,,,,,,,,,,,,,,,,,
,,,,,,,,,,,,,,,,,
,,,,,,,,,,,,,,,,,
Parameter_Code,Parameter_Name,Units,,,,,,,,,,,,,,,
67,Number_Days_Minimum_Temperature_<_0_Deg_C,count,,,,,,,,,,,,,,,
,,,,,,,,,,,,,,,,,
WMO_Number,Parameter_Code,Calculation_Name,Calculation_Code,January,February,March,April,May,June,July,August,September,October,November,December,Annual,
40757,67,count,5,16.1,8.0,2.1,0.0,0.0,0.0,0.0,0.0,0.0,0.0,1.2,9.1,36.5,
40757,67,NOY,98,30.0,30.0,30.0,30.0,30.0,30.0,30.0,30.0,30.0,30.0,30.0,30.0,30.0,
,,,,,,,,,,,,,,,,,
,,,,,,,,,,,,,,,,,
,,,,,,,,,,,,,,,,,
Parameter_Code,Parameter_Name,Units,,,,,,,,,,,,,,,
69,Number_Days_with_Freezing_Rain/Drizzle,count,,,,,,,,,,,,,,,
,,,,,,,,,,,,,,,,,
WMO_Number,Parameter_Code,Calculation_Name,Calculation_Code,January,February,March,April,May,June,July,August,September,October,November,December,Annual,
40757,69,Count,5,0.0,0.1,0.0,0.0,0.0,0.0,0.0,0.0,0.0,0.0,0.0,0.0,0.1,
40757,69,NOY,98,30.0,30.0,30.0,30.0,30.0,30.0,30.0,30.0,30.0,30.0,30.0,30.0,30.0,
,,,,,,,,,,,,,,,,,
,,,,,,,,,,,,,,,,,
,,,,,,,,,,,,,,,,,
Parameter_Code,Parameter_Name,Units,,,,,,,,,,,,,,,
70,Number_Days_with_Blowing_Snow,count,,,,,,,,,,,,,,,
,,,,,,,,,,,,,,,,,
WMO_Number,Parameter_Code,Calculation_Name,Calculation_Code,January,February,March,April,May,June,July,August,September,October,November,December,Annual,
40757,70,Count,5,0.0,0.0,0.0,0.0,0.0,0.0,0.0,0.0,0.0,0.0,0.0,0.0,0.0,
40757,70,NOY,98,30.0,30.0,30.0,30.0,30.0,30.0,30.0,30.0,30.0,30.0,30.0,30.0,30.0,
,,,,,,,,,,,,,,,,,
,,,,,,,,,,,,,,,,,
,,,,,,,,,,,,,,,,,
Parameter_Code,Parameter_Name,Units,,,,,,,,,,,,,,,
71,Number_Days_with_Rain/Drizzle,count,,,,,,,,,,,,,,,
,,,,,,,,,,,,,,,,,
WMO_Number,Parameter_Code,Calculation_Name,Calculation_Code,January,February,March,April,May,June,July,August,September,October,November,December,Annual,
40757,71,Count,5,3.0,3.1,3.5,3.2,0.9,0.3,0.3,0.2,0.1,0.8,3.4,3.8,22.6,
40757,71,NOY,98,30.0,30.0,30.0,30.0,30.0,30.0,30.0,30.0,30.0,30.0,30.0,30.0,30.0,
,,,,,,,,,,,,,,,,,
,,,,,,,,,,,,,,,,,
,,,,,,,,,,,,,,,,,
Parameter_Code,Parameter_Name,Units,,,,,,,,,,,,,,,
72,Number_Days_with_Snow/Hail,count,,,,,,,,,,,,,,,
,,,,,,,,,,,,,,,,,
WMO_Number,Parameter_Code,Calculation_Name,Calculation_Code,January,February,March,April,May,June,July,August,September,October,November,December,Annual,
40757,72,Count,5,1.5,1.2,0.7,0.4,0.7,0.4,0.2,0.2,0.2,0.2,0.1,0.6,6.4,
40757,72,NOY,98,30.0,30.0,30.0,30.0,30.0,30.0,30.0,30.0,30.0,30.0,30.0,30.0,30.0,
,,,,,,,,,,,,,,,,,
,,,,,,,,,,,,,,,,,
,,,,,,,,,,,,,,,,,
Parameter_Code,Parameter_Name,Units,,,,,,,,,,,,,,,
73,Number_Days_with_Fog/Mist,count,,,,,,,,,,,,,,,
,,,,,,,,,,,,,,,,,
WMO_Number,Parameter_Code,Calculation_Name,Calculation_Code,January,February,March,April,May,June,July,August,September,October,November,December,Annual,
40757,73,Count,5,2.3,0.9,0.7,0.1,0.1,0.0,0.0,0.0,0.0,0.1,1.5,4.0,9.7,
40757,73,NOY,98,30.0,30.0,30.0,30.0,30.0,30.0,30.0,30.0,30.0,30.0,30.0,30.0,30.0,
,,,,,,,,,,,,,,,,,
,,,,,,,,,,,,,,,,,
,,,,,,,,,,,,,,,,,
Parameter_Code,Parameter_Name,Units,,,,,,,,,,,,,,,
74,Number_Days_with_Ice_Storm,count,,,,,,,,,,,,,,,
,,,,,,,,,,,,,,,,,
WMO_Number,Parameter_Code,Calculation_Name,Calculation_Code,January,February,March,April,May,June,July,August,September,October,November,December,Annual,
40757,74,Count,5,0.1,0.1,0.0,0.0,0.0,0.0,0.0,0.0,0.0,0.0,0.0,0.0,0.2,
40757,74,NOY,98,30.0,30.0,30.0,30.0,30.0,30.0,30.0,30.0,30.0,30.0,30.0,30.0,30.0,
,,,,,,,,,,,,,,,,,
,,,,,,,,,,,,,,,,,
,,,,,,,,,,,,,,,,,
Parameter_Code,Parameter_Name,Units,,,,,,,,,,,,,,,
75,Number_Days_with_Thick_Haze,count,,,,,,,,,,,,,,,
,,,,,,,,,,,,,,,,,
WMO_Number,Parameter_Code,Calculation_Name,Calculation_Code,January,February,March,April,May,June,July,August,September,October,November,December,Annual,
40757,75,Count,5,1.6,1.0,0.5,0.6,0.7,0.1,0.1,0.0,0.1,0.4,1.1,2.4,8.6,
40757,75,NOY,98,30.0,30.0,30.0,30.0,30.0,30.0,30.0,30.0,30.0,30.0,30.0,30.0,30.0,
,,,,,,,,,,,,,,,,,
,,,,,,,,,,,,,,,,,
,,,,,,,,,,,,,,,,,
Parameter_Code,Parameter_Name,Units,,,,,,,,,,,,,,,
76,Number_Days_with_Rising_Sand,count,,,,,,,,,,,,,,,
,,,,,,,,,,,,,,,,,
WMO_Number,Parameter_Code,Calculation_Name,Calculation_Code,January,February,March,April,May,June,July,August,September,October,November,December,Annual,
40757,76,Count,5,0.0,0.0,0.3,0.3,0.2,0.0,0.1,0.0,0.1,0.1,0.1,0.0,1.2,
40757,76,NOY,98,30.0,30.0,30.0,30.0,30.0,30.0,30.0,30.0,30.0,30.0,30.0,30.0,30.0,
,,,,,,,,,,,,,,,,,
,,,,,,,,,,,,,,,,,
,,,,,,,,,,,,,,,,,
Parameter_Code,Parameter_Name,Units,,,,,,,,,,,,,,,
77,Number_Days_with_Mist,count,,,,,,,,,,,,,,,
,,,,,,,,,,,,,,,,,
WMO_Number,Parameter_Code,Calculation_Name,Calculation_Code,January,February,March,April,May,June,July,August,September,October,November,December,Annual,
40757,77,Count,5,1.7,0.8,0.5,0.1,0.0,0.0,0.0,0.0,0.0,0.1,1.5,3.7,8.4,
40757,77,NOY,98,30.0,30.0,30.0,30.0,30.0,30.0,30.0,30.0,30.0,30.0,30.0,30.0,30.0,
,,,,,,,,,,,,,,,,,
,,,,,,,,,,,,,,,,,
,,,,,,,,,,,,,,,,,
Parameter_Code,Parameter_Name,Units,,,,,,,,,,,,,,,
78,Number_Days_with_Squalls,count,,,,,,,,,,,,,,,
,,,,,,,,,,,,,,,,,
WMO_Number,Parameter_Code,Calculation_Name,Calculation_Code,January,February,March,April,May,June,July,August,September,October,November,December,Annual,
40757,78,Count,5,0.0,0.0,0.0,0.0,0.0,0.0,0.0,0.0,0.0,0.0,0.0,0.0,0.0,
40757,78,NOY,98,30.0,30.0,30.0,30.0,30.0,30.0,30.0,30.0,30.0,30.0,30.0,30.0,30.0,
,,,,,,,,,,,,,,,,,
,,,,,,,,,,,,,,,,,
,,,,,,,,,,,,,,,,,
Parameter_Code,Parameter_Name,Units,,,,,,,,,,,,,,,
79,Number_Days_with_Duststorm/Sandstorm,count,,,,,,,,,,,,,,,
,,,,,,,,,,,,,,,,,
WMO_Number,Parameter_Code,Calculation_Name,Calculation_Code,January,February,March,April,May,June,July,August,September,October,November,December,Annual,
40757,79,Count,5,0.0,0.0,0.0,0.0,0.1,0.0,0.0,0.0,0.0,0.0,0.0,0.0,0.1,
40757,79,NOY,98,30.0,30.0,30.0,30.0,30.0,30.0,30.0,30.0,30.0,30.0,30.0,30.0,30.0,
,,,,,,,,,,,,,,,,,
,,,,,,,,,,,,,,,,,
,,,,,,,,,,,,,,,,,
Parameter_Code,Parameter_Name,Units,,,,,,,,,,,,,,,
80,Number_Days_with_Sleet/Snow,count,,,,,,,,,,,,,,,
,,,,,,,,,,,,,,,,,
WMO_Number,Parameter_Code,Calculation_Name,Calculation_Code,January,February,March,April,May,June,July,August,September,October,November,December,Annual,
40757,80,Count,5,1.5,1.2,0.5,0.4,0.6,0.4,0.2,0.1,0.1,0.2,0.1,0.6,5.9,
40757,80,NOY,98,30.0,30.0,30.0,30.0,30.0,30.0,30.0,30.0,30.0,30.0,30.0,30.0,30.0,
,,,,,,,,,,,,,,,,,
,,,,,,,,,,,,,,,,,
,,,,,,,,,,,,,,,,,
Parameter_Code,Parameter_Name,Units,,,,,,,,,,,,,,,
81,Number_Days_with_Fog,count,,,,,,,,,,,,,,,
,,,,,,,,,,,,,,,,,
WMO_Number,Parameter_Code,Calculation_Name,Calculation_Code,January,February,March,April,May,June,July,August,September,October,November,December,Annual,
40757,81,Count,5,0.8,0.3,0.4,0.0,0.0,0.0,0.0,0.0,0.0,0.0,0.2,0.7,2.4,
40757,81,NOY,98,30.0,30.0,30.0,30.0,30.0,30.0,30.0,30.0,30.0,30.0,30.0,30.0,30.0,
,,,,,,,,,,,,,,,,,
,,,,,,,,,,,,,,,,,
,,,,,,,,,,,,,,,,,
Parameter_Code,Parameter_Name,Units,,,,,,,,,,,,,,,
82,Number_of_Days_with_Wind_Speed_>=_10_m/s,count,,,,,,,,,,,,,,,
,,,,,,,,,,,,,,,,,
WMO_Number,Parameter_Code,Calculation_Name,Calculation_Code,January,February,March,April,May,June,July,August,September,October,November,December,Annual,
40757,82,count,5,0.7,1.9,4.1,4.8,6.6,6.5,5.2,3.5,2.6,1.9,0.9,0.3,39.0,
40757,82,NOY,98,30.0,30.0,30.0,30.0,30.0,30.0,30.0,30.0,30.0,30.0,30.0,30.0,30.0,
,,,,,,,,,,,,,,,,,
,,,,,,,,,,,,,,,,,
,,,,,,,,,,,,,,,,,
Parameter_Code,Parameter_Name,Units,,,,,,,,,,,,,,,
82,Number_of_Days_with_Wind_Speed_>=_20_m/s,count,,,,,,,,,,,,,,,
,,,,,,,,,,,,,,,,,
WMO_Number,Parameter_Code,Calculation_Name,Calculation_Code,January,February,March,April,May,June,July,August,September,October,November,December,Annual,
40757,82,count,5,0.0,0.0,0.1,0.0,0.0,0.0,0.0,0.1,0.0,0.0,0.0,0.0,0.2,
40757,82,NOY,98,30.0,30.0,30.0,30.0,30.0,30.0,30.0,30.0,30.0,30.0,30.0,30.0,30.0,
,,,,,,,,,,,,,,,,,
,,,,,,,,,,,,,,,,,
,,,,,,,,,,,,,,,,,
Parameter_Code,Parameter_Name,Units,,,,,,,,,,,,,,,
82,Number_of_Days_with_Wind_Speed_>=_30_m/s,count,,,,,,,,,,,,,,,
,,,,,,,,,,,,,,,,,
WMO_Number,Parameter_Code,Calculation_Name,Calculation_Code,January,February,March,April,May,June,July,August,September,October,November,December,Annual,
40757,82,count,5,0.0,0.0,0.0,0.0,0.0,0.0,0.0,0.0,0.0,0.0,0.0,0.0,0.0,
40757,82,NOY,98,30.0,30.0,30.0,30.0,30.0,30.0,30.0,30.0,30.0,30.0,30.0,30.0,30.0,
,,,,,,,,,,,,,,,,,
,,,,,,,,,,,,,,,,,
,,,,,,,,,,,,,,,,,
Parameter_Code,Parameter_Name,Units,,,,,,,,,,,,,,,
99,Calm_Winds,Count,,,,,,,,,,,,,,,
,,,,,,,,,,,,,,,,,
WMO_Number,Parameter_Code,Calculation_Name,Calculation_Code,January,February,March,April,May,June,July,August,September,October,November,December,Annual,
40757,99,Count,5,6.1,4.4,2.6,1.8,1.2,1.9,1.6,2.2,2.5,3.8,4.9,6.9,39.9,
40757,99,NOY,98,30.0,30.0,30.0,30.0,30.0,30.0,30.0,30.0,30.0,30.0,30.0,30.0,30.0,
,,,,,,,,,,,,,,,,,
,,,,,,,,,,,,,,,,,
,,,,,,,,,,,,,,,,,
Parameter_Code,Parameter_Name,Units,,,,,,,,,,,,,,,
99,Number_of_Days_with_Visibility_>_5000_m,count,,,,,,,,,,,,,,,
,,,,,,,,,,,,,,,,,
WMO_Number,Parameter_Code,Calculation_Name,Calculation_Code,January,February,March,April,May,June,July,August,September,October,November,December,Annual,
40757,99,count,5,27.4,25.6,28.5,28.4,30.1,29.6,30.7,30.8,29.6,30.3,28.0,26.5,345.5,
40757,99,NOY,98,30.0,30.0,30.0,30.0,30.0,30.0,30.0,30.0,30.0,30.0,30.0,30.0,30.0,
,,,,,,,,,,,,,,,,,
,,,,,,,,,,,,,,,,,
,,,,,,,,,,,,,,,,,
Parameter_Code,Parameter_Name,Units,,,,,,,,,,,,,,,
99,Number_of_Days_with_Visibility_>=_10000_m,count,,,,,,,,,,,,,,,
,,,,,,,,,,,,,,,,,
WMO_Number,Parameter_Code,Calculation_Name,Calculation_Code,January,February,March,April,May,June,July,August,September,October,November,December,Annual,
40757,99,count,5,24.8,22.9,25.8,25.3,27.7,28.7,30.1,30.5,29.1,29.1,25.3,23.6,322.9,
40757,99,NOY,98,30.0,30.0,30.0,30.0,30.0,30.0,30.0,30.0,30.0,30.0,30.0,30.0,30.0,
,,,,,,,,,,,,,,,,,
,,,,,,,,,,,,,,,,,
,,,,,,,,,,,,,,,,,
Parameter_Code,Parameter_Name,Units,,,,,,,,,,,,,,,
99,Highest_Value_of_Daily_Maximum_Wind_Speed,m/sec,,,,,,,,,,,,,,,
,,,,,,,,,,,,,,,,,
WMO_Number,Parameter_Code,Calculation_Name,Calculation_Code,January,February,March,April,May,June,July,August,September,October,November,December,Annual,
40757,99,MAX,2,20.0,22.0,20.0,20.0,22.0,20.0,20.0,20.0,18.0,18.0,16.0,15.0,22.0,
40757,99,NOY,98,30.0,30.0,30.0,30.0,30.0,30.0,30.0,30.0,30.0,30.0,30.0,30.0,30.0,
,,,,,,,,,,,,,,,,,
,,,,,,,,,,,,,,,,,
,,,,,,,,,,,,,,,,,
Parameter_Code,Parameter_Name,Units,,,,,,,,,,,,,,,
99,Direction of Highest_Value_of_Daily_Maximum_Wind_Speed,degrees,,,,,,,,,,,,,,,
,,,,,,,,,,,,,,,,,
WMO_Number,Parameter_Code,Calculation_Name,Calculation_Code,January,February,March,April,May,June,July,August,September,October,November,December,Annual,
40757,99,degrees,99,330.0,340.0,270-350,260.0,200.0,330.0,30.0,330-360,340.0,270.0,330.0,330.0,200-340,
40757,99,NOY,98,30.0,30.0,30.0,30.0,30.0,30.0,30.0,30.0,30.0,30.0,30.0,30.0,30.0,
,,,,,,,,,,,,,,,,,
,,,,,,,,,,,,,,,,,
